{"cameraMode":{"drawMode":0,"name":"Shaded","section":"Shading Mode"},"sceneLighting":true,"audioPlay":false,"sceneViewState":{"m_AlwaysRefresh":false,"showFog":true,"showSkybox":true,"showFlares":true,"showImageEffects":true,"showParticleSystems":true,"showVisualEffectGraphs":true,"m_FxEnabled":true},"in2DMode":false,"pivot":{"x":-2.2626519203186037,"y":0.20108217000961305,"z":-4.676689624786377},"rotation":{"x":0.03668288514018059,"y":-0.6438577175140381,"z":0.030928920954465867,"w":0.7636393904685974},"size":4.05748987197876,"orthographic":false}