{"cameraMode":{"drawMode":0,"name":"Shaded","section":"Shading Mode"},"sceneLighting":true,"audioPlay":false,"sceneViewState":{"m_AlwaysRefresh":false,"showFog":true,"showSkybox":true,"showFlares":true,"showImageEffects":true,"showParticleSystems":true,"showVisualEffectGraphs":true,"m_FxEnabled":true},"in2DMode":false,"pivot":{"x":10.099128723144532,"y":22.731813430786134,"z":30.958724975585939},"rotation":{"x":0.054634448140859607,"y":0.7460903525352478,"z":-0.0616922564804554,"w":0.6607292890548706},"size":99.87480926513672,"orthographic":false}