{"cameraMode":{"drawMode":0,"name":"Shaded","section":"Shading Mode"},"sceneLighting":true,"audioPlay":false,"sceneViewState":{"m_AlwaysRefresh":false,"showFog":true,"showSkybox":true,"showFlares":true,"showImageEffects":true,"showParticleSystems":true,"showVisualEffectGraphs":true,"m_FxEnabled":true},"in2DMode":false,"pivot":{"x":-4.920374870300293,"y":0.6926671266555786,"z":2.127290725708008},"rotation":{"x":0.019946906715631486,"y":-0.5557867884635925,"z":0.013341790065169335,"w":0.8309803605079651},"size":4.499512195587158,"orthographic":true}